Jordan Soto,8638,4824 Lauren Stravenue ,+8453154614
Karen Lawson,3882,9730 Jason Point Apt. 405 ,+8452234614
Christian Burns,5124,6475 Linda Keys Suite 826 ,+8453124614
Jessica Miller,8542,858 Rebecca Plaza Apt. 650 ,+8453154485
Seth Coleman,9871,0368 Heidi Inlet ,+8453154677
Bradley Garcia,9841,8349 Wright Hill ,+3526243244
Theresa Welch,3741,465 Woods Shores ,+8453154614
Kelly Hughes,4453,22833 Delacruz Mission ,+8453154614
Daniel Zuniga,9897,5712 Christina Drive Apt. 705 ,+8453184112
Noah Fuentes,5219,8947 Murray Prairie ,+8453154614
Jill Cruz ,5421,36620 Michele Brook Apt. 612 ,+8453154614
Michael Peterson ,9722,5601 Evans Squares Apt. 636 ,+1241241212
Christopher Gutierrez ,7762,11515 Taylor Courts Suite 475 ,+8453154614
Pamela Cain ,3345,9818 Bell Manor ,+1231234557